[
    {
        "crash_point": "1.05",
        "finishedAt": "00:25"
    },
    {
        "crash_point": "1.58",
        "finishedAt": "00:25"
    },
    {
        "crash_point": "2.49",
        "finishedAt": "00:25"
    },
    {
        "crash_point": "1.37",
        "finishedAt": "00:24"
    },
    {
        "crash_point": "7.32",
        "finishedAt": "00:24"
    },
    {
        "crash_point": "41.79",
        "finishedAt": "00:24"
    },
    {
        "crash_point": "2.34",
        "finishedAt": "00:23"
    },
    {
        "crash_point": "10.05",
        "finishedAt": "00:22"
    },
    {
        "crash_point": "1.00",
        "finishedAt": "00:22"
    },
    {
        "crash_point": "1.00",
        "finishedAt": "00:21"
    },
    {
        "crash_point": "1.13",
        "finishedAt": "00:21"
    },
    {
        "crash_point": "1.23",
        "finishedAt": "00:21"
    },
    {
        "crash_point": "1.07",
        "finishedAt": "00:21"
    },
    {
        "crash_point": "3.87",
        "finishedAt": "00:21"
    },
    {
        "crash_point": "1.00",
        "finishedAt": "00:20"
    },
    {
        "crash_point": "1.62",
        "finishedAt": "00:20"
    },
    {
        "crash_point": "1.28",
        "finishedAt": "00:20"
    },
    {
        "crash_point": "1.25",
        "finishedAt": "00:19"
    },
    {
        "crash_point": "1.12",
        "finishedAt": "00:19"
    },
    {
        "crash_point": "1.41",
        "finishedAt": "00:19"
    },
    {
        "crash_point": "1.35",
        "finishedAt": "00:19"
    },
    {
        "crash_point": "1.55",
        "finishedAt": "00:18"
    },
    {
        "crash_point": "4.12",
        "finishedAt": "00:18"
    },
    {
        "crash_point": "2.04",
        "finishedAt": "00:18"
    },
    {
        "crash_point": "1.48",
        "finishedAt": "00:17"
    },
    {
        "crash_point": "1.95",
        "finishedAt": "00:17"
    },
    {
        "crash_point": "1.64",
        "finishedAt": "00:17"
    },
    {
        "crash_point": "1.09",
        "finishedAt": "00:17"
    },
    {
        "crash_point": "1.35",
        "finishedAt": "00:16"
    },
    {
        "crash_point": "1.03",
        "finishedAt": "00:16"
    },
    {
        "crash_point": "1.37",
        "finishedAt": "00:16"
    },
    {
        "crash_point": "1.01",
        "finishedAt": "00:16"
    },
    {
        "crash_point": "1.00",
        "finishedAt": "00:15"
    },
    {
        "crash_point": "13.12",
        "finishedAt": "00:15"
    },
    {
        "crash_point": "1.62",
        "finishedAt": "00:14"
    },
    {
        "crash_point": "8.95",
        "finishedAt": "00:14"
    },
    {
        "crash_point": "1.20",
        "finishedAt": "00:14"
    },
    {
        "crash_point": "5.25",
        "finishedAt": "00:13"
    },
    {
        "crash_point": "2.65",
        "finishedAt": "00:13"
    },
    {
        "crash_point": "1.16",
        "finishedAt": "00:12"
    },
    {
        "crash_point": "1.23",
        "finishedAt": "00:12"
    },
    {
        "crash_point": "1.13",
        "finishedAt": "00:12"
    },
    {
        "crash_point": "2.19",
        "finishedAt": "00:12"
    },
    {
        "crash_point": "5.56",
        "finishedAt": "00:11"
    },
    {
        "crash_point": "1.63",
        "finishedAt": "00:11"
    },
    {
        "crash_point": "2.68",
        "finishedAt": "00:11"
    },
    {
        "crash_point": "1.36",
        "finishedAt": "00:10"
    },
    {
        "crash_point": "18.04",
        "finishedAt": "00:10"
    },
    {
        "crash_point": "2.11",
        "finishedAt": "00:09"
    },
    {
        "crash_point": "79.40",
        "finishedAt": "00:09"
    },
    {
        "crash_point": "1.03",
        "finishedAt": "00:08"
    },
    {
        "crash_point": "1.66",
        "finishedAt": "00:07"
    },
    {
        "crash_point": "18.33",
        "finishedAt": "00:07"
    },
    {
        "crash_point": "1.08",
        "finishedAt": "00:06"
    },
    {
        "crash_point": "2.69",
        "finishedAt": "00:06"
    },
    {
        "crash_point": "1.37",
        "finishedAt": "00:06"
    },
    {
        "crash_point": "1.82",
        "finishedAt": "00:05"
    },
    {
        "crash_point": "6.99",
        "finishedAt": "00:05"
    },
    {
        "crash_point": "2.86",
        "finishedAt": "00:04"
    },
    {
        "crash_point": "1.78",
        "finishedAt": "00:04"
    },
    {
        "crash_point": "1.25",
        "finishedAt": "00:04"
    },
    {
        "crash_point": "1.57",
        "finishedAt": "00:04"
    },
    {
        "crash_point": "1.17",
        "finishedAt": "00:03"
    },
    {
        "crash_point": "1.02",
        "finishedAt": "00:03"
    },
    {
        "crash_point": "6.15",
        "finishedAt": "00:03"
    },
    {
        "crash_point": "1.28",
        "finishedAt": "00:02"
    },
    {
        "crash_point": "2.54",
        "finishedAt": "00:02"
    },
    {
        "crash_point": "1.14",
        "finishedAt": "00:02"
    },
    {
        "crash_point": "1.64",
        "finishedAt": "00:01"
    },
    {
        "crash_point": "3.40",
        "finishedAt": "00:01"
    },
    {
        "crash_point": "1.51",
        "finishedAt": "00:01"
    },
    {
        "crash_point": "1.18",
        "finishedAt": "00:00"
    },
    {
        "crash_point": "2.55",
        "finishedAt": "00:00"
    },
    {
        "crash_point": "3.94",
        "finishedAt": "00:00"
    },
    {
        "crash_point": "3.59",
        "finishedAt": "23:59"
    },
    {
        "crash_point": "3.24",
        "finishedAt": "23:59"
    },
    {
        "crash_point": "1.55",
        "finishedAt": "23:59"
    },
    {
        "crash_point": "5.90",
        "finishedAt": "23:58"
    }
]